DATE;Bahía Blanca ‐ Cerri;Cdro. Rivadavia – Rada Tilly;Ciudad de Buenos Aires;Concordia;Corrientes;Formosa;Gran Catamarca;Gran Córdoba;Gran La Plata;Gran Mendoza;Gran Paraná;Gran Resistencia;Gran Rosario;Gran San Juan;Gran Santa Fé;Gran Tucumán ‐ T. Viejo;Jujuy ‐ Palpalá;La Rioja;Mar del Plata ‐ Batán;Neuquén – Plottier;Partidos del GBA;Posadas;Rawson – Trelew;Río Cuarto;Río Gallegos;S.del Estero ‐ La Banda;Salta;San Luis ‐ El Chorrillo;San Nicolás – Villa Constitución;Santa Rosa ‐ Toay;Ushuaia ‐ Río Grande;Viedma – Carmen de Patagones;Promedio Nacional
2003-07-01;3.733333333333334;13.178294573643413;2.8312570781426953;16.605166051660518;9.770114942528735;25.098039215686274;13.962264150943396;9.69325153374233;6.104129263913824;5.1020408163265305;5.681818181818182;17.794486215538846;8.860759493670885;9.701492537313433;9.62962962962963;18.686131386861312;13.471502590673575;13.389121338912133;3.5653650254668934;3.4334763948497855;9.263657957244655;21.763085399449036;;11.618257261410788;12.017167381974248;16.966580976863753;14.018691588785046;12.213740458015266;;2.941176470588235;4.824561403508771;;10.893744574223982
2003-10-01;3.816793893129771;12.875536480686694;3.1141868512110724;14.925373134328357;10.43956043956044;24.897959183673468;12.692307692307692;9.42675159235669;6.030150753768844;6.051873198847262;4.273504273504273;17.82178217821782;6.9306930693069315;8.5;9.85576923076923;20.378457059679768;18.5378590078329;11.952191235059761;4.568527918781726;4.867256637168142;10.574837310195226;18.256130790190735;;10.91703056768559;9.9601593625498;18.328840970350406;15.172413793103448;10.038610038610038;;6.198347107438017;3.414634146341464;;10.855777169539847
2004-01-01;3.482587064676617;9.090909090909092;2.0348837209302326;16.917293233082706;7.017543859649122;29.629629629629626;13.991769547325102;9.718670076726342;5.903398926654741;6.865671641791045;6.0;17.444717444717444;6.970509383378016;9.090909090909092;11.162790697674419;18.910741301059;17.365269461077844;11.952191235059761;5.902777777777778;3.982300884955752;11.545399879735418;20.698924731182796;;8.520179372197308;8.032128514056225;20.82191780821918;14.035087719298245;9.67741935483871;;3.4782608695652173;3.669724770642202;;10.824607140955829
2004-04-01;2.261306532663317;6.41025641025641;1.735357917570499;17.537313432835823;7.202216066481995;28.74015748031496;16.115702479338843;8.215962441314554;6.620209059233449;5.660377358490567;6.575342465753424;15.566037735849056;6.451612903225806;10.92896174863388;10.933940774487471;19.616519174041297;12.931034482758621;13.307984790874524;4.288164665523156;2.380952380952381;11.742424242424242;23.096446700507613;;8.225108225108226;8.23045267489712;20.27027027027027;12.691466083150985;6.504065040650407;;0.8695652173913043;2.928870292887029;;10.277175139582317
2004-07-01;3.4739454094292808;8.646616541353383;2.1372328458942635;14.17910447761194;7.387862796833773;23.93822393822394;15.289256198347106;8.292079207920793;5.545927209705372;7.000000000000001;5.070422535211268;16.32183908045977;5.177111716621254;10.597826086956522;8.878504672897195;19.45636623748212;13.520408163265307;12.734082397003746;3.678929765886288;2.9661016949152543;10.611854684512428;22.982885085574573;;8.88888888888889;11.522633744855968;19.327731092436977;13.953488372093023;9.469696969696969;;1.646090534979424;2.5;;10.179141736174373
2004-10-01;1.2953367875647668;9.523809523809524;2.457002457002457;14.44866920152091;7.012987012987012;24.899598393574294;14.741035856573706;8.982035928143713;6.643356643356643;5.6716417910447765;3.9886039886039883;16.3855421686747;5.9760956175298805;9.443099273607748;8.851674641148326;19.97084548104956;13.477088948787062;11.524163568773234;4.273504273504273;4.23728813559322;10.067462376751427;16.953316953316953;;8.144796380090497;10.526315789473683;20.949720670391063;15.192743764172336;8.914728682170542;;2.4896265560165975;3.3057851239669422;;10.01199572376551
2005-01-01;1.5625;7.5396825396825395;3.262092238470191;15.849056603773585;5.7894736842105265;25.806451612903224;15.294117647058824;8.084577114427862;7.21830985915493;5.007587253414264;3.6111111111111107;18.85441527446301;4.947916666666666;8.374384236453201;10.16548463356974;20.82695252679939;10.335195530726256;12.790697674418606;3.7606837606837606;3.7344398340248963;10.17526777020448;13.846153846153847;;6.666666666666667;8.0;21.85792349726776;14.672686230248308;6.827309236947792;;1.680672268907563;5.172413793103448;;9.714283555569395
2005-04-01;2.631578947368421;7.307692307692308;3.4013605442176873;14.772727272727273;6.896551724137931;24.90118577075099;15.6;6.041923551171394;6.666666666666667;5.531295487627365;5.714285714285714;18.705035971223023;4.321907600596125;11.74934725848564;10.933333333333334;22.156573116691288;9.695290858725762;12.82051282051282;3.361344537815126;3.3333333333333335;10.293386374937842;18.67007672634271;;3.375527426160337;6.504065040650407;19.40700808625337;12.10762331838565;4.743083003952568;;0.847457627118644;4.098360655737705;;9.537535692306944
2005-07-01;3.0848329048843186;6.504065040650407;1.6722408026755853;9.737827715355806;7.608695652173914;20.784313725490197;16.733067729083665;5.115712545676005;5.739130434782608;6.286549707602338;5.263157894736842;15.727699530516432;6.177606177606178;11.910669975186105;9.389671361502346;23.20675105485232;13.054830287206268;14.457831325301203;3.5058430717863103;4.184100418410042;10.488846701471285;18.56763925729443;;3.4934497816593884;5.622489959839357;20.380434782608695;12.933025404157044;5.394190871369295;;0.8333333333333334;5.098039215686274;;9.412277471134413
2005-10-01;1.530612244897959;6.719367588932807;2.9342723004694835;11.787072243346007;7.12401055408971;23.62204724409449;16.796875;7.611241217798595;4.7272727272727275;5.216095380029806;3.519061583577713;16.428571428571427;6.33245382585752;10.513447432762836;9.685230024213075;20.08670520231214;13.573407202216067;11.155378486055776;3.3391915641476277;3.508771929824561;11.242324043457723;18.546365914786968;;3.9301310043668125;3.937007874015748;19.718309859154928;15.384615384615385;5.349794238683128;;4.230769230769231;6.349206349206349;;9.479296864811262
2006-01-01;1.8469656992084433;7.59493670886076;3.9260969976905313;13.333333333333334;6.753246753246753;27.710843373493976;13.565891472868216;7.06713780918728;5.410447761194029;4.5321637426900585;2.793296089385475;19.37799043062201;6.565656565656567;11.74934725848564;10.173697270471465;19.940029985007495;13.953488372093023;8.088235294117647;3.559870550161812;1.0256410256410255;10.544053923928743;15.909090909090908;;4.867256637168142;3.1372549019607843;17.270194986072422;15.454545454545453;4.661016949152542;;3.968253968253968;6.363636363636363;;9.349780020249133
2006-04-01;3.8363171355498724;10.441767068273093;3.9529914529914527;12.915129151291513;7.651715039577836;25.396825396825395;10.687022900763358;5.839416058394161;4.821428571428572;4.857142857142857;4.788732394366197;19.26605504587156;5.816831683168317;12.4031007751938;10.688836104513063;22.90809327846365;15.027322404371585;8.695652173913043;3.4904013961605584;3.3653846153846154;10.829817158931084;15.165876777251185;;4.8979591836734695;2.307692307692308;17.534246575342465;15.727699530516432;4.526748971193416;;0.7905138339920948;3.8461538461538463;;9.395754265116924
2006-07-01;3.875968992248062;6.779661016949152;2.38353196099675;9.867172675521822;9.193245778611631;22.15568862275449;11.238095238095239;5.467800729040097;4.313725490196078;4.60431654676259;3.9292730844793713;15.055762081784389;6.1459667093469905;11.1328125;8.797127468581687;23.684210526315788;13.267326732673268;11.30952380952381;4.5855379188712515;5.151515151515151;11.31369798971482;17.16566866267465;6.5625;4.8828125;1.2371134020618557;17.02127659574468;14.92007104795737;6.224066390041494;7.874015748031496;2.0202020202020203;3.1380753138075312;6.012658227848101;8.790950654135989
2006-10-01;2.9296875;6.535947712418301;3.229398663697105;7.894736842105263;7.751937984496124;21.472392638036812;13.618677042801556;6.7164179104477615;5.514705882352941;3.9473684210526314;2.5540275049115913;14.50381679389313;6.719367588932807;9.01803607214429;7.719928186714542;19.568345323741006;15.212981744421908;10.861423220973784;5.018587360594796;5.833333333333333;9.748743718592964;18.958333333333332;6.938775510204081;5.9171597633136095;0.8080808080808081;14.619883040935672;14.285714285714285;7.659574468085106;6.4833005893909625;2.754237288135593;5.092592592592593;5.91016548463357;8.61867745656507
2007-01-01;2.3474178403755865;6.531531531531531;4.004576659038902;8.269230769230768;6.626506024096386;24.493927125506072;10.059171597633137;7.133917396745932;4.621072088724584;4.334828101644246;2.494802494802495;15.808823529411764;6.036745406824147;12.526096033402922;7.142857142857142;19.258202567760343;14.11042944785276;9.54954954954955;4.500978473581213;4.605263157894736;9.104627766599597;15.853658536585366;8.786610878661087;4.65587044534413;0.6;14.081632653061224;13.937282229965156;5.970149253731343;5.3061224489795915;1.5250544662309369;6.185567010309279;4.976303317535545;8.29496268579586
2007-04-01;3.9525691699604746;6.331877729257641;3.629976580796253;9.197651663405088;7.240704500978473;21.14624505928854;7.784431137724551;5.090909090909091;3.669724770642202;3.422619047619048;3.4552845528455287;13.553113553113553;4.731457800511509;11.022044088176353;5.904761904761905;22.67267267267267;13.569937369519833;8.795411089866157;4.267161410018553;3.6855036855036856;8.324552160168599;13.894324853228962;7.723577235772358;3.2128514056224895;1.1904761904761905;13.320463320463322;14.642857142857144;6.211180124223603;7.302231237322515;0.6437768240343348;5.39906103286385;5.694760820045558;7.833880288270313
2007-10-01;1.6666666666666667;3.3860045146726865;3.792667509481669;7.35009671179884;5.802707930367505;16.382978723404253;13.552361396303903;7.64163372859025;4.05982905982906;3.125;2.4;12.5;4.943502824858757;8.108108108108109;5.37037037037037;19.558823529411764;13.62763915547025;8.949416342412452;5.048543689320388;3.950617283950617;9.505907626208378;15.53191489361702;4.82897384305835;3.885480572597137;1.875;12.5;11.796733212341199;7.322175732217573;6.567796610169492;2.898550724637681;6.496519721577726;6.4593301435406705;7.527667207030712
2008-01-01;2.6373626373626373;4.250559284116331;2.977667493796526;7.238095238095238;6.31163708086785;17.573221757322173;10.224948875255624;6.946264744429882;4.822335025380711;4.117647058823529;2.8455284552845526;12.80148423005566;4.61133069828722;8.187134502923977;4.371584699453552;21.936459909228443;14.97005988023952;7.293666026871401;3.0927835051546393;3.5211267605633805;8.651399491094146;13.461538461538462;4.956896551724138;2.7196652719665275;1.7429193899782136;12.224448897795591;12.455516014234876;6.391752577319587;5.567451820128479;2.0;6.217616580310881;5.75;7.277190716237617
2008-04-01;3.0303030303030303;4.444444444444445;3.4077555816686247;7.55813953488372;6.5891472868217065;17.419354838709676;8.506224066390041;6.5420560747663545;3.917525773195876;3.901734104046243;1.882845188284519;12.406015037593985;4.10783055198973;8.155339805825243;3.888888888888889;21.450617283950617;12.204724409448819;8.092485549132949;2.7027027027027026;1.948051948051948;7.893388006150692;11.612903225806452;7.822410147991543;3.061224489795918;2.1052631578947367;10.337972166998012;14.43661971830986;5.870445344129554;6.122448979591836;0.8602150537634409;4.854368932038835;5.128205128205128;6.945676576617972
2008-07-01;1.9646365422396856;3.189066059225513;3.783102143757881;6.237816764132553;6.227106227106227;13.152400835073069;9.937888198757763;7.310344827586207;2.9850746268656714;4.090909090909091;5.458515283842795;11.96911196911197;5.0;5.742574257425743;3.9399624765478425;19.02654867256637;12.896825396825399;9.1796875;3.515625;3.009259259259259;9.341500765696784;10.176991150442479;6.8686868686868685;2.658486707566462;1.8633540372670807;12.352941176470589;15.942028985507244;7.114624505928854;5.6000000000000005;1.4644351464435146;5.432098765432099;4.008908685968819;6.920015997707619
2008-10-01;1.6227180527383367;2.9345372460496613;3.0;5.7915057915057915;5.95903165735568;10.0;11.670020120724347;7.209612817089453;2.044989775051125;4.420731707317073;4.273504273504273;10.557768924302788;5.138339920948617;4.259634888438134;3.963963963963964;17.561683599419446;12.955465587044534;8.176100628930817;4.8;4.1062801932367154;9.221311475409836;11.03896103896104;3.861788617886179;3.0303030303030303;1.89873417721519;13.104838709677418;14.31297709923664;6.438631790744467;4.948453608247423;3.0303030303030303;5.168539325842696;5.739514348785872;6.632507668757299
2009-01-01;1.9736842105263157;4.430379746835443;2.8785982478097623;7.421875;5.660377358490567;11.776859504132231;11.158798283261802;4.874835309617918;4.444444444444445;4.216867469879518;3.6717062634989204;10.485436893203884;5.905006418485238;4.684317718940937;3.1135531135531136;19.402985074626866;12.398373983739837;7.258064516129033;4.137931034482759;5.194805194805195;8.993357179356156;11.827956989247312;4.700854700854701;2.460850111856823;2.4017467248908297;9.426229508196721;12.82051282051282;5.273833671399594;4.761904761904762;2.484472049689441;5.582524271844661;5.0113895216400905;6.588579128058052
2009-04-01;2.803738317757009;4.45859872611465;3.495630461922597;8.906882591093117;6.095238095238095;14.099783080260304;10.560344827586206;4.613297150610583;5.3097345132743365;4.373177842565598;3.397027600849257;13.03501945525292;4.617414248021108;5.7324840764331215;3.088803088803089;19.36459909228442;12.551440329218108;7.936507936507936;2.2900763358778624;3.0232558139534884;7.6767676767676765;10.199556541019955;7.446808510638298;2.754237288135593;1.9522776572668112;8.860759493670885;14.181818181818182;4.809619238476954;2.9940119760479043;1.7278617710583155;3.944315545243619;3.747072599531616;6.5640050019781135
2009-07-01;1.383399209486166;3.056768558951965;3.0193236714975846;6.827309236947792;5.62015503875969;11.715481171548117;11.08786610878661;3.708609271523179;3.4979423868312756;4.291845493562231;5.443548387096774;10.65891472868217;5.526992287917738;6.40495867768595;2.524271844660194;18.24925816023739;12.114989733059549;9.3812375249501;2.2222222222222223;2.644230769230769;7.32484076433121;9.772727272727273;5.797101449275362;2.2522522522522523;2.9106029106029108;11.23110151187905;16.23134328358209;5.304518664047151;3.353057199211045;1.3015184381778742;2.914798206278027;3.7122969837587005;6.296421356867512
2009-10-01;1.0245901639344261;3.131991051454139;2.635046113306983;5.9171597633136095;5.46875;8.779443254817988;9.957627118644067;3.6241610738255035;2.4742268041237114;3.44311377245509;4.0650406504065035;8.565737051792828;4.545454545454546;5.128205128205128;2.4528301886792456;17.830609212481427;12.164948453608247;8.875739644970414;3.1578947368421053;3.731343283582089;7.637362637362638;10.087719298245613;5.625;2.197802197802198;2.1052631578947367;11.324786324786325;15.819209039548024;4.838709677419355;5.220883534136546;1.1286681715575622;3.051643192488263;6.557377049180328;6.017760509134989
2010-01-01;1.4084507042253522;3.4408602150537635;3.2171581769436997;7.8125;5.9760956175298805;10.351966873706004;8.879492600422834;5.874499332443257;2.9227557411273484;3.9764359351988214;2.3965141612200433;9.876543209876543;3.4161490683229814;4.641350210970464;2.734375;19.389312977099237;12.606837606837606;7.613168724279835;2.8000000000000003;3.1862745098039214;8.565072302558399;10.31578947368421;7.773109243697479;2.9279279279279278;2.178649237472767;7.264957264957266;12.404580152671755;4.294478527607362;4.750593824228028;0.9174311926605505;3.16622691292876;5.787037037037037;6.027081055077911
2010-04-01;2.3856858846918487;4.0358744394618835;2.3746701846965697;10.303030303030303;6.213592233009709;14.743589743589745;10.851063829787234;5.234159779614325;5.042016806722689;4.477611940298507;4.1067761806981515;11.244979919678714;3.5175879396984926;6.05427974947808;4.198473282442748;20.398773006134967;13.769751693002258;6.359649122807018;2.9880478087649402;2.564102564102564;7.491856677524431;10.944206008583691;6.530612244897959;2.517162471395881;2.1691973969631237;9.110169491525424;12.318840579710146;5.01002004008016;3.406813627254509;1.1337868480725624;5.121951219512195;3.9911308203991127;6.581545744925935
2010-07-01;2.2357723577235773;2.857142857142857;2.345679012345679;9.732824427480915;4.104477611940299;11.789473684210526;9.563409563409564;3.221288515406162;3.067484662576687;3.10192023633678;4.848484848484849;10.311284046692606;3.0927835051546393;6.263048016701461;3.402646502835539;21.43906020558003;11.11111111111111;7.559395248380129;2.564102564102564;1.6706443914081146;7.1843634442683575;11.233480176211454;6.326530612244897;3.1963470319634704;1.9230769230769231;11.158798283261802;13.750000000000002;3.6217303822937628;3.6585365853658534;1.6786570743405276;3.9080459770114944;4.434589800443459;6.136130926859566
2010-10-01;1.642710472279261;3.1779661016949152;2.7603513174404015;8.458646616541353;4.296875;7.00218818380744;8.061002178649238;3.513909224011713;1.6359918200409;3.7037037037037033;3.6659877800407332;9.894736842105264;3.8781163434903045;6.029106029106029;2.7237354085603114;20.386904761904763;10.251046025104603;7.9120879120879115;1.7509727626459144;2.70935960591133;7.1164997364259355;11.930585683297181;7.142857142857142;3.3175355450236967;1.8036072144288577;8.836206896551724;13.652482269503546;3.9603960396039604;4.946236559139785;1.639344262295082;2.564102564102564;4.861111111111112;5.788323847295834
2011-01-01;0.6507592190889371;3.278688524590164;3.2175032175032174;9.551656920077972;3.8535645472061653;7.792207792207792;9.146341463414634;4.197901049475263;2.756892230576441;5.131964809384164;3.2989690721649487;10.351966873706004;2.8150134048257374;6.68103448275862;2.7237354085603114;15.267175572519085;9.89247311827957;7.28051391862955;0.7532956685499058;2.6506024096385543;6.343283582089552;8.668076109936575;4.918032786885246;3.325942350332594;2.11864406779661;9.935205183585314;12.949640287769784;4.032258064516129;4.393305439330543;0.9685230024213075;1.2886597938144329;5.128205128205128;5.480063609370008
2011-04-01;1.5810276679841897;2.9268292682926833;2.67314702308627;10.26615969581749;3.4926470588235294;9.868421052631579;9.746588693957115;4.892086330935252;4.393305439330543;3.3973412112259975;4.845814977973569;10.159362549800797;2.4771838331160363;5.627705627705628;3.7037037037037033;18.181818181818183;11.956521739130435;6.911447084233262;2.2813688212927756;1.4563106796116505;6.436420722135009;9.473684210526317;4.426559356136821;2.272727272727273;2.301255230125523;11.065573770491802;12.244897959183673;4.0;3.3797216699801194;0.2188183807439825;3.0162412993039442;3.9080459770114944;5.736960515276145
2011-07-01;2.976190476190476;3.0690537084398977;2.73972602739726;8.102766798418973;2.819548872180451;10.596026490066226;8.146639511201629;3.812316715542522;3.7254901960784315;3.9187227866473147;4.856512141280353;10.395010395010395;2.7851458885941645;4.751131221719457;3.9923954372623576;19.728915662650603;11.642411642411643;5.580357142857143;3.653846153846154;1.7412935323383085;7.053716766142159;12.307692307692308;5.61122244488978;3.125;1.6632016632016633;9.623430962343097;10.946196660482375;4.732510288065844;4.142011834319527;0.6593406593406593;3.571428571428571;2.666666666666667;5.785497488272075
2011-10-01;2.2132796780684103;2.7989821882951653;3.4739454094292808;8.91089108910891;2.3300970873786406;8.486238532110093;7.707910750507099;3.9716312056737593;2.083333333333333;5.247813411078718;4.008438818565401;9.574468085106384;2.642007926023778;5.066079295154185;2.6217228464419478;17.72151898734177;10.81081081081081;4.772727272727273;2.10727969348659;2.4752475247524752;6.762513312034078;12.095032397408207;4.536082474226804;3.8369304556354913;1.0615711252653928;9.049773755656108;10.144927536231885;5.439330543933055;4.05982905982906;1.6129032258064515;0.7389162561576355;2.608695652173913;5.342841554367253
2012-01-01;0.425531914893617;3.9660056657223794;3.0303030303030303;9.683794466403162;1.717557251908397;7.6923076923076925;8.879492600422834;4.289940828402367;2.674897119341564;4.078549848942599;3.4261241970021414;8.0338266384778;2.6573426573426575;5.111111111111112;3.11284046692607;14.710743801652892;10.669456066945607;5.517241379310345;1.5904572564612325;2.493765586034913;6.256800870511425;9.090909090909092;4.375;2.3696682464454977;1.0416666666666665;9.734513274336283;12.199630314232902;3.71900826446281;2.8260869565217392;1.1820330969267139;1.3192612137203166;2.9978586723768736;5.02730394521946
2012-04-01;0.6329113924050633;2.717391304347826;3.4869240348692405;9.386973180076629;3.2818532818532815;6.935123042505594;10.6;3.288490284005979;3.007518796992481;2.786377708978328;3.373015873015873;8.35117773019272;2.8455284552845526;4.250559284116331;3.3596837944664033;13.787878787878787;11.300639658848615;5.324074074074074;2.2540983606557377;1.6587677725118484;5.898123324396782;8.81057268722467;4.0733197556008145;2.127659574468085;1.25;9.032258064516128;14.392523364485982;2.839756592292089;2.459016393442623;0.0;2.644230769230769;2.5806451612903225;4.960534140750863
2012-07-01;1.6494845360824744;1.715686274509804;2.763157894736842;8.155339805825243;4.3478260869565215;11.304347826086957;9.607843137254903;2.083333333333333;2.345415778251599;3.592814371257485;4.75206611570248;7.488986784140969;2.4128686327077746;3.9812646370023423;2.490421455938697;13.978494623655912;11.73913043478261;3.9719626168224296;2.4122807017543857;1.2224938875305624;5.9326868225898455;8.558558558558559;3.861788617886179;1.477832512315271;0.8714596949891068;8.488612836438923;13.148148148148147;4.86815415821501;3.9447731755424065;0.22172949002217296;2.1686746987951806;2.4719101123595504;4.9384233675060525
2012-10-01;1.8442622950819672;1.9464720194647203;2.8089887640449436;8.46456692913386;3.4412955465587043;11.587982832618025;7.377049180327869;2.7737226277372264;2.2916666666666665;4.029850746268656;4.385964912280701;5.4892601431980905;1.0558069381598794;3.619909502262444;3.2504780114722758;14.691943127962084;11.353711790393014;3.132530120481928;2.9661016949152543;2.3640661938534278;5.851979345955249;8.816705336426914;3.8934426229508197;2.313624678663239;1.5317286652078774;9.2274678111588;10.242085661080075;4.722792607802875;3.116883116883117;0.4705882352941176;1.5113350125944585;1.3574660633484164;4.74786653750774
2013-01-01;0.8620689655172413;3.722084367245657;2.080237741456166;8.477842003853564;2.9940119760479043;8.297872340425531;6.875000000000001;3.862660944206009;2.5114155251141552;3.50076103500761;2.380952380952381;5.583756345177665;3.0104712041884816;2.2271714922048997;4.216867469879518;14.440993788819876;10.47008547008547;2.62582056892779;3.1042128603104215;2.663438256658596;5.968468468468469;9.200968523002421;4.051172707889126;0.975609756097561;0.7159904534606205;7.76255707762557;9.532710280373832;1.8867924528301887;2.414486921529175;0.23255813953488372;2.0;2.0224719101123596;4.395984732093848
2013-04-01;0.2004008016032064;3.225806451612903;4.360056258790436;8.477842003853564;4.752475247524752;8.16326530612245;7.172131147540983;3.3967391304347823;1.9455252918287937;2.311248073959938;2.240325865580448;6.220095693779904;3.1413612565445024;2.995391705069124;2.3157894736842106;13.834586466165414;10.460251046025103;2.1834061135371177;2.345415778251599;1.7412935323383085;5.728871242200794;11.910112359550562;4.535637149028078;0.7058823529411765;0.4166666666666667;8.463251670378618;9.706959706959708;1.882845188284519;2.434077079107505;0.0;2.770780856423174;2.4774774774774775;4.453624012289557
2013-07-01;1.402805611222445;0.7957559681697612;4.72972972972973;9.523809523809524;5.77319587628866;11.134453781512606;8.4;1.9329896907216495;1.7892644135188867;2.844311377245509;2.320675105485232;4.568527918781726;3.3112582781456954;4.0;1.0101010101010102;11.634756995581737;9.656652360515022;1.9650655021834063;2.262443438914027;1.8087855297157622;5.741626794258373;9.808612440191387;3.054989816700611;0.9259259259259258;1.1441647597254003;9.821428571428571;10.37037037037037;3.3264033264033266;2.766798418972332;0.7125890736342043;1.0282776349614395;3.982300884955752;4.485877191536565
2013-10-01;2.099236641221374;2.2004889975550124;3.5487959442332064;7.006369426751593;5.3418803418803416;14.680851063829786;7.6923076923076925;4.847645429362881;2.912621359223301;2.170767004341534;3.4934497816593884;10.539845758354756;7.202216066481995;5.986696230598669;2.8688524590163933;12.130637636080872;9.44206008583691;1.5659955257270695;2.3474178403755865;3.1707317073170733;6.9364161849710975;11.19221411192214;2.263374485596708;1.8561484918793503;3.485254691689008;14.318706697459586;13.774597495527727;2.88659793814433;2.4;1.2224938875305624;3.116883116883117;5.360824742268041;5.626949338625847
2014-01-01;1.2269938650306749;4.938271604938271;2.94811320754717;4.3383947939262475;4.310344827586207;13.46578366445916;5.443548387096774;3.1957390146471374;3.564356435643564;1.5804597701149428;3.632887189292543;3.5135135135135136;1.9830028328611897;1.5968063872255487;3.7444933920704844;10.47040971168437;4.565217391304348;2.564102564102564;1.4814814814814816;3.0136986301369864;5.137289636846766;5.694760820045558;2.3504273504273505;0.7058823529411765;1.084010840108401;15.280898876404494;12.866449511400651;1.646090534979424;2.4;0.0;0.4750593824228029;1.0570824524312896;4.071111575708471
2014-04-01;1.083032490974729;5.089058524173027;2.2340425531914896;3.9647577092511015;4.0733197556008145;13.260869565217392;4.8732943469785575;3.835978835978836;3.2193158953722336;2.9729729729729732;1.744186046511628;3.950617283950617;2.5675675675675675;4.150197628458498;2.6804123711340204;8.430232558139535;2.4070021881838075;2.156862745098039;1.82648401826484;1.0389610389610389;6.191825171995144;3.8379530916844353;2.1367521367521367;2.53411306042885;0.5249343832020997;11.618257261410788;10.806916426512968;2.526315789473684;4.077669902912621;0.23364485981308408;0.45045045045045046;0.78125;3.7899765197067814
2014-07-01;1.1009174311926606;3.286384976525822;1.0515247108307046;4.337899543378995;4.312114989733059;10.706638115631693;5.639097744360902;2.802547770700637;1.6822429906542056;2.9005524861878453;0.9861932938856016;4.197530864197531;2.479338842975207;5.511811023622047;0.9487666034155597;8.493150684931507;5.230125523012552;1.3257575757575757;2.6607538802660753;2.211302211302211;6.404539927036887;4.811715481171548;1.4830508474576272;2.75049115913556;0.25380710659898476;11.637931034482758;10.985915492957748;1.2422360248447204;3.6259541984732824;0.9685230024213075;0.9090909090909091;2.6415094339622645;3.736856746256125
2014-10-01;1.618705035971223;3.9647577092511015;1.5334063526834611;4.81651376146789;3.3797216699801194;10.129310344827585;5.436893203883495;3.247631935047361;2.835538752362949;1.9830028328611897;1.0060362173038229;4.0201005025125625;3.1636863823933976;3.4416826003824093;1.1494252873563218;9.820193637621024;4.862579281183932;1.717557251908397;1.5765765765765765;1.240694789081886;5.6474384832593785;5.684210526315789;3.3632286995515694;1.9801980198019802;0.7518796992481203;11.827956989247312;10.807113543091655;0.8421052631578947;2.495201535508637;0.9216589861751152;1.7412935323383085;3.0303030303030303;3.751143826020484
2015-01-01;1.6917293233082706;5.681818181818182;1.6018306636155606;4.081632653061225;2.549019607843137;12.5;4.457364341085271;3.1563845050215207;2.4193548387096775;2.4079320113314444;2.53411306042885;3.733333333333334;3.4106412005457027;1.8181818181818181;1.8998272884283247;9.375;3.4482758620689653;2.1912350597609564;1.6203703703703702;1.9464720194647203;5.64042303172738;4.635761589403973;4.481132075471698;1.7892644135188867;0.8152173913043478;10.22964509394572;9.583333333333334;2.0242914979757085;3.4416826003824093;0.22988505747126436;3.571428571428571;1.1627906976744187;3.75404285912547
2015-04-01;1.415929203539823;4.3678160919540225;1.7316017316017316;3.6363636363636362;3.2;9.35412026726058;4.330708661417323;2.796271637816245;2.380952380952381;2.2222222222222223;2.140077821011673;4.028436018957346;2.4079320113314444;2.867383512544803;3.231292517006803;7.496251874062969;3.6717062634989204;1.3539651837524178;1.9002375296912115;1.5584415584415585;5.144193296960249;4.989154013015185;2.795698924731183;2.1868787276341948;0.25252525252525254;10.195227765726681;10.416666666666668;2.263374485596708;3.0303030303030303;0.0;2.4330900243309004;1.6032064128256511;3.481313397616963
2016-04-01;0.927643784786642;2.0179372197309418;2.390852390852391;4.10958904109589;3.2119914346895073;3.608247422680412;3.5984848484848486;3.296703296703297;1.9271948608137044;2.186588921282799;1.7825311942959003;4.0476190476190474;3.10192023633678;4.375;1.763668430335097;6.140350877192982;3.515625;2.178217821782178;2.1739130434782608;0.8310249307479225;4.942400594574508;4.487179487179487;3.8461538461538463;2.559055118110236;0.2762430939226519;5.139186295503212;6.970128022759601;2.263374485596708;0.7504690431519699;0.0;3.1818181818181817;0.966183574879227;2.8927279858299446
2016-07-01;2.154398563734291;1.647058823529412;2.9866117404737382;5.227272727272727;1.2987012987012987;3.5443037974683547;3.925233644859813;3.1335149863760217;1.9607843137254901;1.046337817638266;1.465201465201465;3.2710280373831773;2.28898426323319;3.6585365853658534;1.615798922800718;7.278020378457059;4.471544715447155;0.9746588693957114;1.0570824524312896;0.8333333333333334;5.185730047811695;5.580357142857143;3.9301310043668125;2.4667931688804554;0.8645533141210375;5.072463768115942;10.497237569060774;1.0183299389002036;0.78125;0.2695417789757413;1.7817371937639197;1.345291479820628;2.89474447323446
2016-10-01;1.694915254237288;1.834862385321101;3.2460732984293195;4.072398190045249;2.1321961620469083;5.063291139240507;6.981132075471698;3.3287101248266295;1.7660044150110374;0.7363770250368188;1.6791044776119404;4.422604422604422;1.687116564417178;3.870967741935484;1.444043321299639;7.971014492753622;4.30327868852459;1.0224948875255624;0.6493506493506493;2.1447721179624666;5.469953775038521;5.353319057815846;3.1818181818181817;2.788844621513944;0.8902077151335311;7.635467980295567;11.499272197962155;0.6048387096774194;0.9541984732824428;0.5025125628140703;1.9277108433734942;0.7957559681697612;3.176706485017095
2017-01-01;0.9881422924901186;0.49382716049382713;4.0130151843817785;3.619909502262444;3.7344398340248963;4.337899543378995;6.083650190114068;3.7583892617449663;1.5184381778741864;1.3274336283185841;2.6737967914438503;5.319148936170213;1.7366136034732274;5.1080550098231825;2.0;5.813953488372093;3.4343434343434343;2.6530612244897958;0.8869179600886918;1.4285714285714286;4.5784051888592145;3.485838779956427;2.823529411764706;3.1746031746031744;0.6097560975609756;5.79064587973274;8.71934604904632;0.8097165991902834;0.9671179883945842;0.7772020725388601;1.550387596899225;0.7371007371007371;2.9672892571095946
2017-04-01;1.2;2.15311004784689;2.2483940042826553;6.263982102908278;2.857142857142857;1.951219512195122;1.8484288354898337;3.6249999999999996;2.152641878669276;2.0408163265306123;2.936096718480138;4.098360655737705;2.2253129346314324;4.804270462633451;0.5172413793103449;3.768115942028986;2.5742574257425743;1.4583333333333333;1.179245283018868;0.5128205128205128;4.87985212569316;1.956521739130435;3.532008830022075;1.509433962264151;0.0;7.18954248366013;9.266943291839558;1.4256619144602851;1.36986301369863;0.273972602739726;2.3041474654377883;0.4728132387706856;2.6436109650162343
2017-07-01;1.1494252873563218;2.137767220902613;2.263374485596708;4.878048780487805;0.9009009009009009;1.707317073170732;3.2504780114722758;3.5578144853875475;1.2269938650306749;2.1021021021021022;2.814569536423841;3.2520325203252036;2.642559109874826;3.2534246575342465;0.5244755244755245;6.379821958456973;6.800000000000001;2.2916666666666665;0.904977375565611;0.546448087431694;4.933586337760911;4.008908685968819;3.7422037422037424;1.36986301369863;0.0;7.764705882352942;9.466666666666667;1.0245901639344261;1.1811023622047243;0.7633587786259541;1.715686274509804;1.141552511415525;2.803013189640763
2017-10-01;0.927643784786642;1.1904761904761905;2.3178807947019866;2.4719101123595504;1.263157894736842;5.909090909090909;4.863813229571985;3.465982028241335;2.330508474576271;1.3274336283185841;2.5848142164781907;4.3927648578811365;2.5411061285500747;4.593639575971731;0.6993006993006993;8.270676691729323;6.118546845124283;2.4489795918367347;0.45045045045045046;1.9607843137254901;4.836852207293666;5.818965517241379;3.2188841201716736;1.996007984031936;1.5060240963855422;7.294117647058823;8.735332464146023;0.7936507936507936;0.9765625;0.9803921568627451;1.5345268542199488;1.5283842794759825;3.1046456574514663
2018-01-01;1.0548523206751055;0.25;1.7006802721088436;2.9082774049217;1.1961722488038278;2.8446389496717726;3.481624758220503;3.5578144853875475;3.125;1.7673048600883652;1.9672131147540985;6.164383561643835;3.7037037037037033;4.280155642023346;0.5424954792043399;5.070422535211268;4.770642201834862;2.6052104208416833;1.1111111111111112;1.3888888888888888;4.122497055359246;4.8997772828507795;3.203661327231121;1.7543859649122806;2.4615384615384617;7.7433628318584065;9.974747474747476;0.9881422924901186;1.3333333333333335;1.5151515151515151;2.0710059171597637;0.881057268722467;2.9512266463890553
2018-04-01;1.059322033898305;0.5037783375314862;2.237136465324385;4.97737556561086;0.9090909090909091;1.1737089201877933;2.4528301886792456;3.201970443349754;2.433628318584071;2.391629297458894;2.0761245674740483;6.6350710900473935;2.5899280575539567;4.008016032064128;0.1841620626151013;3.6568213783403656;4.397705544933078;2.8513238289205702;1.735357917570499;1.3736263736263736;3.917765709852599;4.044943820224719;2.4282560706401766;0.3976143141153081;1.2944983818770228;9.533898305084746;12.894736842105264;0.998003992015968;2.3483365949119372;0.8571428571428572;2.0050125313283207;0.6198347107438017;2.8808953582157484
2018-07-01;1.263157894736842;0.544959128065395;2.968036529680365;5.0;0.6593406593406593;3.6585365853658534;3.071017274472169;3.0788177339901477;2.9268292682926833;2.2522522522522523;2.2687609075043627;6.329113924050633;2.272727272727273;2.97951582867784;0.36429872495446264;5.27086383601757;6.078431372549019;2.7139874739039667;1.9693654266958425;0.7957559681697612;4.879968516332153;4.366812227074235;1.5317286652078774;0.9784735812133072;0.3412969283276451;9.734513274336283;12.182061579651942;1.5968063872255487;2.371541501976284;0.9259259259259258;1.2285012285012284;1.7475728155339807;3.0734678341485475
2018-10-01;0.8130081300813009;0.7936507936507936;2.684563758389262;2.947845804988662;1.7429193899782136;4.044943820224719;3.413654618473896;2.93040293040293;4.157043879907621;1.8181818181818181;2.360876897133221;4.534606205250596;2.6438569206842923;3.90625;0.5434782608695652;6.043165467625899;6.5420560747663545;2.2821576763485476;1.5184381778741864;0.0;4.312354312354312;3.34075723830735;3.233256351039261;2.3166023166023164;0.9259259259259258;9.210526315789473;10.92327698309493;1.411290322580645;3.0360531309297913;1.1363636363636365;1.256281407035176;1.5444015444015444;3.0740059409142573
2019-01-01;0.2127659574468085;1.2690355329949239;1.55902004454343;6.146179401993355;2.843601895734597;3.722084367245657;3.3333333333333335;2.7912621359223304;2.610441767068273;2.200825309491059;2.0779220779220777;5.69620253164557;4.09711684370258;3.8525963149078724;0.36968576709796674;4.734576757532281;4.41988950276243;1.3861386138613863;1.050420168067227;0.5263157894736842;4.239595488136912;2.727272727272727;3.8461538461538463;1.7964071856287425;1.8181818181818181;8.4;9.746328437917223;1.1764705882352942;3.5523978685612785;0.5376344086021506;0.8021390374331552;0.3676470588235294;2.9346763305529224
2019-04-01;0.6134969325153374;0.5319148936170213;2.1158129175946545;7.28476821192053;2.5943396226415096;3.6674816625916873;3.4682080924855487;2.2249690976514214;1.9157088122605364;1.5965166908563133;2.706359945872801;6.94980694980695;3.0816640986132513;2.8469750889679712;0.5454545454545455;6.25;6.432748538011696;1.7307692307692308;1.4227642276422763;1.25;4.065364687126345;4.504504504504505;2.658486707566462;1.7543859649122806;1.2658227848101267;5.46875;11.310344827586206;1.3565891472868217;3.0852994555353903;0.56657223796034;0.7575757575757576;0.5545286506469501;3.0180620088995145
2019-07-01;0.8333333333333334;0.2785515320334262;2.6651216685979144;5.921052631578947;3.416856492027335;4.854368932038835;4.3478260869565215;2.176541717049577;3.614457831325301;1.4666666666666666;2.2315202231520224;;2.3961661341853033;3.125;0.35778175313059035;8.104196816208393;5.242718446601942;1.7751479289940828;1.3274336283185841;1.488833746898263;4.7147385103011095;4.794520547945205;1.5418502202643172;1.9723865877712032;0.6688963210702341;7.385229540918163;10.652463382157123;0.9784735812133072;2.2181146025878005;1.675977653631285;1.0126582278481013;0.7366482504604052;3.0314688062988804
2019-10-01;0.6211180124223602;1.0362694300518136;2.8301886792452833;5.05050505050505;4.5662100456621;5.287356321839081;3.2989690721649487;2.644836272040302;3.5294117647058822;1.6304347826086956;1.5706806282722512;4.448742746615087;2.457757296466974;2.644628099173554;1.2750455373406193;6.851311953352769;3.861003861003861;1.6227180527383367;1.366742596810934;0.0;4.3478260869565215;2.7649769585253456;2.727272727272727;1.5873015873015872;1.1560693641618496;10.865191146881289;7.086614173228346;1.2;3.1078610603290677;2.803738317757009;2.203856749311295;0.8113590263691683;3.039249918784816
2020-01-01;0.23255813953488372;1.4534883720930232;3.087248322147651;2.083333333333333;3.1413612565445024;4.622871046228711;3.361344537815126;3.1377899045020468;4.435483870967742;2.302158273381295;1.76;5.044510385756676;2.2617124394184165;2.9197080291970803;1.5686274509803921;5.564924114671164;3.4951456310679614;1.4354066985645932;1.2437810945273633;0.2849002849002849;3.6775106082036775;2.1447721179624666;3.3766233766233764;2.1231422505307855;0.6535947712418301;8.333333333333332;6.725146198830409;0.78125;3.508771929824561;1.524390243902439;1.5873015873015872;0.7518796992481203;2.7695021657073386
2020-04-01;0.7604562737642585;1.4563106796116505;1.58311345646438;1.6853932584269662;1.9943019943019942;4.651162790697675;2.968036529680365;2.1015761821366024;2.0;1.5197568389057752;2.5495750708215295;2.18978102189781;1.9097222222222223;1.3793103448275863;1.809954751131222;5.447470817120623;3.6072144288577155;1.3157894736842104;0.8298755186721992;0.0;3.468780971258672;2.8455284552845526;1.7699115044247788;2.4875621890547266;0.36101083032490977;6.741573033707865;8.502772643253234;1.876675603217158;1.8867924528301887;0.9950248756218906;0.5076142131979695;1.1194029850746268;2.322545356577355
2020-07-01;0.6600660066006601;0.5899705014749262;1.7676767676767675;3.2;2.7149321266968327;4.587155963302752;2.494331065759637;1.2295081967213115;1.951219512195122;1.2711864406779663;2.763819095477387;5.511811023622047;2.857142857142857;2.73224043715847;0.9881422924901186;9.90990990990991;3.7549407114624502;0.8583690987124464;0.0;1.644736842105263;2.4657534246575343;4.390243902439024;1.1441647597254003;2.3746701846965697;0.5291005291005291;6.651884700665188;6.687898089171974;1.694915254237288;1.7094017094017095;2.5974025974025974;;0.4761904761904762;2.651896273447588
2020-10-01;0.9259259259259258;0.5405405405405406;4.428904428904429;4.093567251461988;2.657004830917874;3.296703296703297;2.981651376146789;3.2098765432098766;3.201970443349754;2.653631284916201;0.7853403141361256;4.5;2.6936026936026933;2.9684601113172544;1.1173184357541899;8.16326530612245;2.3483365949119372;0.6185567010309279;0.6734006734006733;0.7142857142857143;3.1914893617021276;3.7383177570093453;2.8368794326241136;0.5934718100890208;2.7027027027027026;9.11214953271028;5.853658536585367;1.3186813186813187;1.8947368421052633;2.5974025974025974;3.428571428571429;0.966183574879227;2.8377058550531697
2021-01-01;1.3824884792626728;0.5291005291005291;3.0232558139534884;2.7777777777777777;1.03359173126615;3.935185185185185;2.914798206278027;2.5179856115107913;3.800475059382423;2.621231979030144;1.381692573402418;3.793103448275862;0.7824726134585289;2.1937842778793417;2.3300970873786406;5.583756345177665;2.2556390977443606;1.0570824524312896;1.4450867052023122;0.547945205479452;1.628352490421456;2.522935779816514;2.4830699774266365;1.2224938875305624;1.1976047904191618;8.533916849015318;6.2761506276150625;0.8658008658008658;1.9762845849802373;3.684210526315789;1.7543859649122806;2.1479713603818613;2.5062414963691504
2021-04-01;1.1627906976744187;0.0;1.5544041450777202;2.1226415094339623;0.49261083743842365;2.9702970297029703;2.232142857142857;1.8335684062059237;3.2407407407407405;1.4686248331108143;1.4059753954305798;7.523510971786834;2.639751552795031;1.0849909584086799;1.6;5.392156862745098;1.4678899082568808;0.8421052631578947;0.5376344086021506;0.4914004914004914;1.3712047012732616;2.3696682464454977;1.5350877192982455;1.8867924528301887;1.5974440894568689;7.625272331154684;6.872370266479663;1.8018018018018018;1.6326530612244898;2.5925925925925926;0.5208333333333333;1.3856812933025404;2.22670746119702
2021-07-01;0.4728132387706856;0.5797101449275363;2.2263450834879404;3.3398821218074657;1.574803149606299;4.207920792079208;1.3574660633484164;2.4226110363391657;2.3923444976076556;1.6506189821182942;0.8361204013377926;6.434316353887399;2.9806259314456036;2.4096385542168677;1.153846153846154;6.514657980456026;1.675977653631285;0.8316008316008316;1.0126582278481013;0.7853403141361256;2.1775544388609713;3.1553398058252426;0.628930817610063;1.4000000000000001;1.948051948051948;6.4449064449064455;5.758426966292135;1.4830508474576272;0.7407407407407408;3.7854889589905363;1.0610079575596816;0.0;2.29508738871232
2021-10-01;0.9685230024213075;0.5780346820809248;1.349527665317139;3.373015873015873;1.6;3.9719626168224296;1.405152224824356;2.987012987012987;1.4285714285714286;2.1739130434782608;0.644122383252818;5.023923444976076;1.5781922525107603;2.9159519725557463;1.2024048096192386;6.425041186161449;2.083333333333333;1.1061946902654867;1.0416666666666665;0.7211538461538461;3.1862745098039214;4.943820224719101;2.4193548387096775;0.6097560975609756;1.3157894736842104;6.720977596741344;4.75482912332838;1.48619957537155;1.8726591760299627;5.88235294117647;0.7537688442211055;0.48426150121065376;2.4064919378624214
2022-01-01;0.9546539379474941;0.0;1.9310344827586208;4.10958904109589;2.380952380952381;3.695150115473441;2.4719101123595504;1.8617021276595744;1.1655011655011656;2.054794520547945;0.34423407917383825;5.88235294117647;0.5471956224350205;3.405017921146954;1.37524557956778;5.431309904153355;4.061895551257253;1.3100436681222707;1.5665796344647518;0.9925558312655087;2.9394121175764845;4.772727272727273;3.411513859275053;0.8438818565400843;0.33444816053511706;5.555555555555555;5.7663125948406675;2.100840336134454;3.2504780114722758;2.8391167192429023;1.5189873417721518;1.2106537530266344;2.502676443617435
2022-04-01;0.4405286343612335;0.0;3.294117647058824;4.1015625;3.591160220994475;4.941176470588235;2.696629213483146;1.310615989515072;2.1645021645021645;1.9021739130434785;0.17921146953405018;7.242990654205607;1.8567639257294428;2.385321100917431;2.10727969348659;4.5662100456621;3.2692307692307696;1.5317286652078774;1.8469656992084433;0.2597402597402597;2.126528442317916;2.4719101123595504;3.0023094688221708;1.6494845360824744;0.9966777408637874;4.741379310344827;7.3573573573573565;1.735357917570499;1.4981273408239701;1.2307692307692308;2.356020942408377;0.9592326139088728;2.49415825156557
2022-07-01;0.6912442396313364;0.3067484662576687;2.586206896551724;2.5948103792415167;1.507537688442211;5.707196029776675;2.2573363431151243;2.102496714848883;2.93398533007335;1.4285714285714286;1.3986013986013985;7.801418439716312;2.7496382054992763;2.8301886792452833;1.3806706114398422;5.819295558958652;2.376237623762376;1.991150442477876;1.550387596899225;0.0;2.901554404145078;2.3706896551724137;1.6867469879518073;1.1061946902654867;1.4760147601476015;7.142857142857142;5.88235294117647;1.502145922746781;0.9746588693957114;2.2857142857142856;1.8567639257294428;0.0;2.474981739325387
2022-10-01;1.1627906976744187;0.3115264797507788;2.4296675191815855;3.7527593818984544;2.209944751381215;3.9719626168224296;2.4122807017543857;2.66497461928934;2.059496567505721;1.3313609467455623;1.7316017316017316;7.766990291262135;1.610541727672035;2.564102564102564;0.9652509652509652;6.446540880503145;3.7267080745341614;2.0366598778004072;1.1111111111111112;0.2457002457002457;3.013993541442411;5.228758169934641;2.610966057441253;0.683371298405467;1.6129032258064515;6.739130434782608;5.446293494704992;1.4736842105263157;2.8112449799196786;3.7463976945244957;2.1621621621621623;0.48661800486618007;2.7039842195643455
2023-01-01;0.7109004739336493;0.29239766081871343;2.3746701846965697;4.8034934497816595;3.8567493112947657;3.6613272311212817;2.0408163265306123;2.135678391959799;1.1627906976744187;1.5804597701149428;0.27472527472527475;6.561085972850679;1.4245014245014245;3.571428571428571;1.8907563025210083;6.477093206951026;4.780876494023905;1.4583333333333333;2.122015915119363;0.6651884700665188;3.5389282103134483;4.835164835164836;2.763819095477387;1.5659955257270695;0.37593984962406013;5.164319248826291;6.012658227848101;2.608695652173913;3.2818532818532815;1.0282776349614395;2.6470588235294117;0.49504950495049505;2.692595261059289
2023-04-01;0.22522522522522523;0.0;2.0746887966804977;4.411764705882353;3.2697547683923704;4.952830188679245;2.666666666666667;1.2836970474967908;2.9082774049217;1.2711864406779663;0.2044989775051125;6.277056277056277;2.528089887640449;3.076923076923077;2.549019607843137;4.944178628389154;4.572564612326044;1.070663811563169;3.804347826086957;0.8658008658008658;3.3678756476683938;3.5343035343035343;1.937046004842615;1.1061946902654867;0.0;4.697986577181208;5.339805825242718;2.455357142857143;2.3529411764705883;0.26595744680851063;3.6312849162011176;0.25125628140703515;2.559288876843919
